{
  "annotations" : [ ],
  "autoCompleteData" : [ ],
  "enabled" : true,
  "exampleData" : [ {
    "annotations" : [ ],
    "contributor" : null,
    "crowdJobId" : null,
    "detectedLanguage" : null,
    "developerId" : null,
    "developerTag" : null,
    "exampleEntities" : [ ],
    "nativeLanguageTag" : "en",
    "sentence" : "Could you please increase my credit line?",
    "trackingId" : "4AEF7D99-EE95-4773-A57E-F0EA8AA6538F",
    "translated" : null,
    "translatedBy" : null,
    "translatedLanguage" : null
  }, {
    "annotations" : [ ],
    "contributor" : null,
    "crowdJobId" : null,
    "detectedLanguage" : null,
    "developerId" : null,
    "developerTag" : null,
    "exampleEntities" : [ ],
    "nativeLanguageTag" : "en",
    "sentence" : "Could you please tell me what I need to do to qualify for a higher credit limit?",
    "trackingId" : "EE6DC9EF-CCA8-4A30-A5DF-01117EE5D5BB",
    "translated" : null,
    "translatedBy" : null,
    "translatedLanguage" : null
  }, {
    "annotations" : [ ],
    "contributor" : null,
    "crowdJobId" : null,
    "detectedLanguage" : null,
    "developerId" : null,
    "developerTag" : null,
    "exampleEntities" : [ ],
    "nativeLanguageTag" : "es",
    "sentence" : "Espero conseguir un aumento en mi límite de crédito.",
    "trackingId" : "2672451C-E6DE-4A96-9EBD-A73099CA02F7",
    "translated" : null,
    "translatedBy" : null,
    "translatedLanguage" : null
  }, {
    "annotations" : [ ],
    "contributor" : null,
    "crowdJobId" : null,
    "detectedLanguage" : null,
    "developerId" : null,
    "developerTag" : null,
    "exampleEntities" : [ ],
    "nativeLanguageTag" : "es",
    "sentence" : "Estoy gastando más dinero estos días, así que necesito un límite más alto para seguir el ritmo.",
    "trackingId" : "ACDB7C21-CFA3-4AD9-B78C-2BF5D7800772",
    "translated" : null,
    "translatedBy" : null,
    "translatedLanguage" : null
  }, {
    "annotations" : [ ],
    "contributor" : null,
    "crowdJobId" : null,
    "detectedLanguage" : null,
    "developerId" : null,
    "developerTag" : null,
    "exampleEntities" : [ ],
    "nativeLanguageTag" : "es",
    "sentence" : "Estoy solicitando un aumento de límite de crédito.",
    "trackingId" : "3727EAEA-EFCE-4F3E-9037-D7C53B13AF17",
    "translated" : null,
    "translatedBy" : null,
    "translatedLanguage" : null
  }, {
    "annotations" : [ ],
    "contributor" : null,
    "crowdJobId" : null,
    "detectedLanguage" : null,
    "developerId" : null,
    "developerTag" : null,
    "exampleEntities" : [ ],
    "nativeLanguageTag" : "es",
    "sentence" : "He estado realizando pagos adicionales a mi saldo de tarjeta de crédito cada mes. Creo que esto demuestra mi compromiso con la gestión financiera responsable y justifica un aumento de límite de crédito.",
    "trackingId" : "95F498CF-5AF8-4888-8072-A7BA6F51DC51",
    "translated" : null,
    "translatedBy" : null,
    "translatedLanguage" : null
  }, {
    "annotations" : [ ],
    "contributor" : null,
    "crowdJobId" : null,
    "detectedLanguage" : null,
    "developerId" : null,
    "developerTag" : null,
    "exampleEntities" : [ ],
    "nativeLanguageTag" : "es",
    "sentence" : "He realizado progresos significativos en la mejora de mi puntaje de crédito. Recientemente recibí una actualización de mi puntaje de crédito que indica que mi puntaje ha aumentado a [nuevo puntaje]. Esta mejora refleja mis hábitos crediticios responsables y justifica un aumento de límite de crédito.",
    "trackingId" : "5232054B-D23E-4297-ADBD-6A857B865105",
    "translated" : null,
    "translatedBy" : null,
    "translatedLanguage" : null
  }, {
    "annotations" : [ ],
    "contributor" : null,
    "crowdJobId" : null,
    "detectedLanguage" : null,
    "developerId" : null,
    "developerTag" : null,
    "exampleEntities" : [ ],
    "nativeLanguageTag" : "en",
    "sentence" : "I am consolidating my debt and need a larger credit line.",
    "trackingId" : "897B5A80-87FF-4A07-AA83-A6504FC47567",
    "translated" : null,
    "translatedBy" : null,
    "translatedLanguage" : null
  }, {
    "annotations" : [ ],
    "contributor" : null,
    "crowdJobId" : null,
    "detectedLanguage" : null,
    "developerId" : null,
    "developerTag" : null,
    "exampleEntities" : [ ],
    "nativeLanguageTag" : "en",
    "sentence" : "I am interested in getting a higher credit limit.",
    "trackingId" : "3BA342D3-77AC-45A3-94BE-DD2F1E3D515E",
    "translated" : null,
    "translatedBy" : null,
    "translatedLanguage" : null
  }, {
    "annotations" : [ ],
    "contributor" : null,
    "crowdJobId" : null,
    "detectedLanguage" : null,
    "developerId" : null,
    "developerTag" : null,
    "exampleEntities" : [ ],
    "nativeLanguageTag" : "en",
    "sentence" : "I am making a large purchase and need a higher credit limit.",
    "trackingId" : "DC76699E-50F8-4933-A5E6-284D8FE1EE9C",
    "translated" : null,
    "translatedBy" : null,
    "translatedLanguage" : null
  }, {
    "annotations" : [ ],
    "contributor" : null,
    "crowdJobId" : null,
    "detectedLanguage" : null,
    "developerId" : null,
    "developerTag" : null,
    "exampleEntities" : [ ],
    "nativeLanguageTag" : "en",
    "sentence" : "I have a good credit score and am responsible with my credit.",
    "trackingId" : "4206C00A-09C5-47B6-8A5A-DA8181346C9C",
    "translated" : null,
    "translatedBy" : null,
    "translatedLanguage" : null
  }, {
    "annotations" : [ ],
    "contributor" : null,
    "crowdJobId" : null,
    "detectedLanguage" : null,
    "developerId" : null,
    "developerTag" : null,
    "exampleEntities" : [ ],
    "nativeLanguageTag" : "en",
    "sentence" : "I have a good payment history and would like to request a higher credit limit.",
    "trackingId" : "8DF2B847-0051-43A8-8042-0AE7F7EBCA2B",
    "translated" : null,
    "translatedBy" : null,
    "translatedLanguage" : null
  }, {
    "annotations" : [ ],
    "contributor" : null,
    "crowdJobId" : null,
    "detectedLanguage" : null,
    "developerId" : null,
    "developerTag" : null,
    "exampleEntities" : [ ],
    "nativeLanguageTag" : "en",
    "sentence" : "I was wondering if I could be eligible for a credit line increase.",
    "trackingId" : "32375A0B-0F58-4F5D-8D36-6B522E0C091E",
    "translated" : null,
    "translatedBy" : null,
    "translatedLanguage" : null
  }, {
    "annotations" : [ ],
    "contributor" : null,
    "crowdJobId" : null,
    "detectedLanguage" : null,
    "developerId" : null,
    "developerTag" : null,
    "exampleEntities" : [ ],
    "nativeLanguageTag" : "en",
    "sentence" : "I would like to request an increase on my credit line.",
    "trackingId" : "5841D99C-E95D-4155-B594-1CE9A457B098",
    "translated" : null,
    "translatedBy" : null,
    "translatedLanguage" : null
  }, {
    "annotations" : [ ],
    "contributor" : null,
    "crowdJobId" : null,
    "detectedLanguage" : null,
    "developerId" : null,
    "developerTag" : null,
    "exampleEntities" : [ ],
    "nativeLanguageTag" : "en",
    "sentence" : "Is it possible to raise my credit limit?",
    "trackingId" : "7C411A85-E69F-4D31-9422-F79D2A3B96EE",
    "translated" : null,
    "translatedBy" : null,
    "translatedLanguage" : null
  }, {
    "annotations" : [ ],
    "contributor" : null,
    "crowdJobId" : null,
    "detectedLanguage" : null,
    "developerId" : null,
    "developerTag" : null,
    "exampleEntities" : [ ],
    "nativeLanguageTag" : "es",
    "sentence" : "Me gustaría aumentar mi límite de crédito de 2000 a 30000.",
    "trackingId" : "78D4549D-DE57-44C3-BDBA-4DB147FE7BC2",
    "translated" : null,
    "translatedBy" : null,
    "translatedLanguage" : null
  }, {
    "annotations" : [ ],
    "contributor" : null,
    "crowdJobId" : null,
    "detectedLanguage" : null,
    "developerId" : null,
    "developerTag" : null,
    "exampleEntities" : [ ],
    "nativeLanguageTag" : "es",
    "sentence" : "Me gustaría comprender el posible impacto de un aumento de límite de crédito en mi puntaje de crédito.",
    "trackingId" : "8C33BFD5-437C-4A4C-A6EC-AC372F1692F2",
    "translated" : null,
    "translatedBy" : null,
    "translatedLanguage" : null
  }, {
    "annotations" : [ ],
    "contributor" : null,
    "crowdJobId" : null,
    "detectedLanguage" : null,
    "developerId" : null,
    "developerTag" : null,
    "exampleEntities" : [ ],
    "nativeLanguageTag" : "es",
    "sentence" : "Me gustaría consultar la posibilidad de aumentar mi límite de crédito.",
    "trackingId" : "B0EEF065-CAF2-4D85-A946-5081D949783E",
    "translated" : null,
    "translatedBy" : null,
    "translatedLanguage" : null
  }, {
    "annotations" : [ ],
    "contributor" : null,
    "crowdJobId" : null,
    "detectedLanguage" : null,
    "developerId" : null,
    "developerTag" : null,
    "exampleEntities" : [ ],
    "nativeLanguageTag" : "es",
    "sentence" : "Me gustaría saber qué pasos puedo tomar para aumentar mis posibilidades de que aumenten mi límite de crédito.",
    "trackingId" : "D361E683-D80A-4072-B37A-5AFF2A581F84",
    "translated" : null,
    "translatedBy" : null,
    "translatedLanguage" : null
  }, {
    "annotations" : [ ],
    "contributor" : null,
    "crowdJobId" : null,
    "detectedLanguage" : null,
    "developerId" : null,
    "developerTag" : null,
    "exampleEntities" : [ ],
    "nativeLanguageTag" : "es",
    "sentence" : "Me gustaría solicitar un aumento de mi límite de crédito.",
    "trackingId" : "770B0ECF-AB7E-46B9-8ECF-6BD3BC7E7D54",
    "translated" : null,
    "translatedBy" : null,
    "translatedLanguage" : null
  }, {
    "annotations" : [ ],
    "contributor" : null,
    "crowdJobId" : null,
    "detectedLanguage" : null,
    "developerId" : null,
    "developerTag" : null,
    "exampleEntities" : [ ],
    "nativeLanguageTag" : "es",
    "sentence" : "Mi puntaje de crédito es excelente, así que creo que merezco un límite más alto.",
    "trackingId" : "74C12E13-ECCC-4B82-B058-2070B928C0E6",
    "translated" : null,
    "translatedBy" : null,
    "translatedLanguage" : null
  }, {
    "annotations" : [ ],
    "contributor" : null,
    "crowdJobId" : null,
    "detectedLanguage" : null,
    "developerId" : null,
    "developerTag" : null,
    "exampleEntities" : [ ],
    "nativeLanguageTag" : "es",
    "sentence" : "Mi situación financiera ha mejorado y creo que califico para un aumento de límite de crédito.",
    "trackingId" : "F1892700-B327-45F3-9AF8-76E46C0EE888",
    "translated" : null,
    "translatedBy" : null,
    "translatedLanguage" : null
  }, {
    "annotations" : [ ],
    "contributor" : null,
    "crowdJobId" : null,
    "detectedLanguage" : null,
    "developerId" : null,
    "developerTag" : null,
    "exampleEntities" : [ ],
    "nativeLanguageTag" : "en",
    "sentence" : "My financial situation has improved and I am now eligible for a credit line increase.",
    "trackingId" : "B64BDD61-25FE-4D20-B7EA-842D2CFA618B",
    "translated" : null,
    "translatedBy" : null,
    "translatedLanguage" : null
  }, {
    "annotations" : [ ],
    "contributor" : null,
    "crowdJobId" : null,
    "detectedLanguage" : null,
    "developerId" : null,
    "developerTag" : null,
    "exampleEntities" : [ ],
    "nativeLanguageTag" : "en",
    "sentence" : "My income has increased and I can now afford a higher credit limit.",
    "trackingId" : "CAE05F80-7CAB-46B2-944F-5CEE853D05ED",
    "translated" : null,
    "translatedBy" : null,
    "translatedLanguage" : null
  }, {
    "annotations" : [ ],
    "contributor" : null,
    "crowdJobId" : null,
    "detectedLanguage" : null,
    "developerId" : null,
    "developerTag" : null,
    "exampleEntities" : [ ],
    "nativeLanguageTag" : "es",
    "sentence" : "Oye, me gustaría pedir un aumento de límite de crédito.",
    "trackingId" : "2E9400BE-2439-4481-BD9D-F59BD4746B16",
    "translated" : null,
    "translatedBy" : null,
    "translatedLanguage" : null
  }, {
    "annotations" : [ ],
    "contributor" : null,
    "crowdJobId" : null,
    "detectedLanguage" : null,
    "developerId" : null,
    "developerTag" : null,
    "exampleEntities" : [ ],
    "nativeLanguageTag" : "es",
    "sentence" : "Planeo realizar una compra grande en el futuro cercano. Un aumento de límite de crédito me permitiría realizar esta compra sin exceder mi ratio de utilización de crédito.",
    "trackingId" : "EEFCD76F-623F-4130-BECC-B66E2FBE4E9C",
    "translated" : null,
    "translatedBy" : null,
    "translatedLanguage" : null
  }, {
    "annotations" : [ ],
    "contributor" : null,
    "crowdJobId" : null,
    "detectedLanguage" : null,
    "developerId" : null,
    "developerTag" : null,
    "exampleEntities" : [ ],
    "nativeLanguageTag" : "es",
    "sentence" : "Recientemente recibí un ascenso y anticipo gastos aumentados. Un aumento de límite de crédito sería útil para administrar estos gastos de manera responsable.",
    "trackingId" : "12BC4A33-D815-4610-A036-CB74D3831C02",
    "translated" : null,
    "translatedBy" : null,
    "translatedLanguage" : null
  }, {
    "annotations" : [ ],
    "contributor" : null,
    "crowdJobId" : null,
    "detectedLanguage" : null,
    "developerId" : null,
    "developerTag" : null,
    "exampleEntities" : [ ],
    "nativeLanguageTag" : "es",
    "sentence" : "Soy un cliente leal desde hace [número] años y siempre he mantenido un buen historial de pagos.",
    "trackingId" : "743565D9-D6B4-486B-8FA0-7462BF15D734",
    "translated" : null,
    "translatedBy" : null,
    "translatedLanguage" : null
  }, {
    "annotations" : [ ],
    "contributor" : null,
    "crowdJobId" : null,
    "detectedLanguage" : null,
    "developerId" : null,
    "developerTag" : null,
    "exampleEntities" : [ ],
    "nativeLanguageTag" : "en",
    "sentence" : "Would you be able to review my account for a possible credit limit increase?",
    "trackingId" : "F6FE9EAA-DD40-41C1-9DA3-D83AA365EE38",
    "translated" : null,
    "translatedBy" : null,
    "translatedLanguage" : null
  }, {
    "annotations" : [ ],
    "contributor" : null,
    "crowdJobId" : null,
    "detectedLanguage" : null,
    "developerId" : null,
    "developerTag" : null,
    "exampleEntities" : [ ],
    "nativeLanguageTag" : "es",
    "sentence" : "¿Es posible aumentar mi límite de crédito?",
    "trackingId" : "44000E96-3B34-4F87-95F3-8C38A099CD76",
    "translated" : null,
    "translatedBy" : null,
    "translatedLanguage" : null
  }, {
    "annotations" : [ ],
    "contributor" : null,
    "crowdJobId" : null,
    "detectedLanguage" : null,
    "developerId" : null,
    "developerTag" : null,
    "exampleEntities" : [ ],
    "nativeLanguageTag" : "es",
    "sentence" : "¿Puede ayudarme a evaluar mi elegibilidad para un aumento de límite de crédito.",
    "trackingId" : "F117393D-15B3-43C6-B624-A7F4290377B9",
    "translated" : null,
    "translatedBy" : null,
    "translatedLanguage" : null
  }, {
    "annotations" : [ ],
    "contributor" : null,
    "crowdJobId" : null,
    "detectedLanguage" : null,
    "developerId" : null,
    "developerTag" : null,
    "exampleEntities" : [ ],
    "nativeLanguageTag" : "es",
    "sentence" : "¿Puede proporcionarme información sobre los criterios utilizados para determinar los aumentos de límite de crédito?",
    "trackingId" : "D684A5D4-FC46-483E-99D3-25BC3CFDD35B",
    "translated" : null,
    "translatedBy" : null,
    "translatedLanguage" : null
  } ],
  "intentParameters" : [ ],
  "name" : "IncreaseCreditLine",
  "trackingId" : "E150E6B4-E622-4E5D-98F1-7848D0B39199",
  "type" : "NLPIntent"
}