{
  "type" : "USER",
  "autoCompleteTrainingStatus" : "NO_DATA",
  "category" : "null",
  "description" : "This skill focuses on managing tasks related to the orders.",
  "dialogVersion" : "2.0",
  "displayName" : "OrderingSkill",
  "intentTrainer" : "Tamao",
  "multilingualMode" : "NATIVE",
  "name" : "OrderingSkill",
  "platformVersion" : "23.10",
  "primaryLanguageTag" : "en",
  "requiresAutoCompleteTraining" : false,
  "trackingId" : "FF334D09-EDEA-4D9C-A0CA-48A18A57E7BB",
  "version" : "1.1"
}