{
  "keys" : {
    "fileUpload_RequestFiles" : {
      "annotation" : null,
      "extensionType" : null,
      "message" : "Para poder validar tu identidad, favor de subir alguno de estos documentos: \n- INE\n- Constancia Fiscal \n- Comprobante de domicilio",
      "trackingId" : "3EAEA30F-27B3-40D3-9E6F-E274CC3B8DAF"
    },
    "filesUpload_DocumentClassified" : {
      "annotation" : null,
      "extensionType" : null,
      "message" : "Pude reconocer que subiste",
      "trackingId" : "4C3ECD8E-1707-4DCD-B95F-1D12A19BA83C"
    },
    "filesUpload_ModifyingField" : {
      "annotation" : null,
      "extensionType" : null,
      "message" : "¿Cuál es el campo que quieres modificar?",
      "trackingId" : "1F6DE618-9FE5-4D34-B55E-833140F6358B"
    },
    "filesUpload_Surname" : {
      "annotation" : null,
      "extensionType" : null,
      "message" : "Apellidos",
      "trackingId" : "0BF5D710-F6DD-4974-B4AA-88830DD478DD"
    },
    "filesUpload_ValidateDocData" : {
      "annotation" : null,
      "extensionType" : null,
      "message" : "¿La información extraída es correcta?",
      "trackingId" : "B78F1552-B307-45AE-BEFF-875973CCFBA6"
    },
    "general_AskForMore" : {
      "annotation" : null,
      "extensionType" : null,
      "message" : "¿Hay alguna otra cosa en la que te puedo apoyar?",
      "trackingId" : "9B786515-632D-44AD-9FC7-0590A3F06D2D"
    },
    "general_AskUserTask" : {
      "annotation" : null,
      "extensionType" : null,
      "message" : "¿Hay algo en lo que te puedo ayudar?",
      "trackingId" : "828044B5-E6A3-42CD-BF7F-30ED2AA16668"
    },
    "general_DontUnderstand" : {
      "annotation" : null,
      "extensionType" : null,
      "message" : "Lo siento, creo que no te entendí. ¿Podrías tratar de explicarlo con otras palabras?",
      "trackingId" : "52B10EF8-8667-481E-8EF5-6072C5BBD3DF"
    },
    "general_EndConversation" : {
      "annotation" : null,
      "extensionType" : null,
      "message" : "¡Gracias por utilizar nuestro servicio! Si tienes más preguntas en el futuro, no dudes en contactarnos. ¡Que tengas un excelente día!",
      "trackingId" : "8A5937AD-F36E-45EA-B66C-02B182815CF0"
    },
    "general_MainMenu" : {
      "annotation" : null,
      "extensionType" : null,
      "message" : "Puede seleccionar alguna opción del menú.",
      "trackingId" : "4DE0D63D-37C1-4332-9A01-B55F5EC1D061"
    },
    "general_ProcessCancelation" : {
      "annotation" : null,
      "extensionType" : null,
      "message" : "La operación fue cancelada satisfactoriamente.",
      "trackingId" : "779A189B-3B01-4E8E-A480-AE4B8A5EDDCE"
    },
    "general_RESTFailed" : {
      "annotation" : null,
      "extensionType" : null,
      "message" : "Lo sentimos.\nOcurrió un error procesando tu orden.\nFavor de intentarlo nuevamente.",
      "trackingId" : "6011C254-8317-4A1F-ABB0-781248F58D2B"
    },
    "general_RESTSuccess" : {
      "annotation" : null,
      "extensionType" : null,
      "message" : "¡Operación realizada con éxito!",
      "trackingId" : "FC3FE779-1113-4C37-81CA-787A15478026"
    },
    "general_ThankUser" : {
      "annotation" : null,
      "extensionType" : null,
      "message" : "¡De nada! Estoy aquí para ayudar. Si tienes más preguntas, no dudes en preguntar.",
      "trackingId" : "12FC36AD-775C-4ABE-B076-5CB005633A62"
    },
    "greetings" : {
      "annotation" : null,
      "extensionType" : null,
      "message" : "¡Hola! Bienvenido, estoy para servirte.",
      "trackingId" : "B4C61E94-54B7-4E71-9B1F-2FF77EECC28E"
    },
    "increaseLine_ProcessData" : {
      "annotation" : null,
      "extensionType" : null,
      "message" : "Estamos procesando su historial crediticio...",
      "trackingId" : "248D16A0-0908-4A74-9C23-EAB72826BC4A"
    },
    "orders_OrderCreated" : {
      "annotation" : null,
      "extensionType" : null,
      "message" : "Su orden ha sido generado exitosamente.",
      "trackingId" : "3AA39CFE-DC92-42A8-86B9-A2EA198CA7EA"
    },
    "orders_OrderDetailsSummary" : {
      "annotation" : null,
      "extensionType" : null,
      "message" : "Déjame procesar tu orden...",
      "trackingId" : "C6B632DB-79C4-433C-8007-9E7812A25484"
    },
    "orders_OrderValidationQuestion" : {
      "annotation" : null,
      "extensionType" : null,
      "message" : "¿Desea proceder con la compra?",
      "trackingId" : "C1A53639-C017-409C-9BD1-3161872DE028"
    },
    "orders_QuantityQuestion" : {
      "annotation" : null,
      "extensionType" : null,
      "message" : "¿Cuántas unidades desea agregar?",
      "trackingId" : "1A6D4955-5F90-4384-B909-61EA057E2F59"
    },
    "orders_RequestGETFilter" : {
      "annotation" : null,
      "extensionType" : null,
      "message" : "Selecciona una opción para filtrar tus órdenes:",
      "trackingId" : "8D810EB0-9056-40A5-8DC4-E5DC213152CA"
    },
    "orders_RetrieveFilter" : {
      "annotation" : null,
      "extensionType" : null,
      "message" : "Estas son las órdenes de acuerdo con el filtro seleccionado:",
      "trackingId" : "A90765BC-43D3-4399-B0C2-068D69B549D1"
    },
    "orders_TryAgainQuestion" : {
      "annotation" : null,
      "extensionType" : null,
      "message" : "¿Desea volver a intentarlo?",
      "trackingId" : "B847471A-EF34-4541-9523-E388498297CE"
    },
    "orders_askCustomerId" : {
      "annotation" : null,
      "extensionType" : null,
      "message" : "Por favor, introduce solamente tu ID de cliente para autenticar tu identidad.",
      "trackingId" : "CC372E6B-1200-4E31-9BAA-4DA43E54C521"
    },
    "orders_askDocumentValidation" : {
      "annotation" : null,
      "extensionType" : null,
      "message" : "¿Tu información es correcta?",
      "trackingId" : "A4476488-A516-4BD2-842A-C84928C21B3B"
    },
    "orders_catalogueResponse" : {
      "annotation" : null,
      "extensionType" : null,
      "message" : "Dame un momento para buscar en mi catálogo...",
      "trackingId" : "0E3037BF-0D5C-45F1-8529-BAF86CCEE38E"
    },
    "orders_initialQuestio" : {
      "annotation" : null,
      "extensionType" : null,
      "message" : "Cuéntame, ¿qué estás buscando?",
      "trackingId" : "833F0C3B-34CC-4F77-90C2-F00B9EA9BF41"
    },
    "orders_removeOrder" : {
      "annotation" : null,
      "extensionType" : null,
      "message" : "Tu orden ha sido cancelada exitosamente. ",
      "trackingId" : "00406D85-6BC2-4205-AE33-495FC8AB3D5D"
    },
    "orders_requestOrderDetailsDescription" : {
      "annotation" : null,
      "extensionType" : null,
      "message" : "Por favor, dime cuántas unidades del producto requieres y cuál es el tipo de urgencia que requiere tu orden.",
      "trackingId" : "2BEB1E2A-36DF-43E1-BC90-58C1981666C2"
    },
    "orders_urgencyQuestion" : {
      "annotation" : null,
      "extensionType" : null,
      "message" : "¿Requiere que agilicemos su pedido?",
      "trackingId" : "08EC41C0-8E3E-482E-A34D-15AD3EC028BF"
    },
    "orders_welcome" : {
      "annotation" : null,
      "extensionType" : null,
      "message" : "¡Es un gusto tenerte de vuelta!\n¿En qué te podemos ayudar el día de hoy?",
      "trackingId" : "CFE4D592-65CB-469F-B73F-368791B2413C"
    },
    "orders_wrongInput" : {
      "annotation" : null,
      "extensionType" : null,
      "message" : "Valor no reconocido. Por favor, inténtalo de nuevo.",
      "trackingId" : "DABE61B4-27C3-4BFB-9EFC-992F1A21C9C8"
    },
    "systemFlowName_Welcome" : {
      "annotation" : null,
      "extensionType" : null,
      "message" : "¡Bienvenido!\nPara poder inicializar la conversación, por favor proporcione su ID de cliente para autenticar su identidad.",
      "trackingId" : "BD1E5DEF-69B8-47F3-89F6-2ED052863998"
    },
    "uploadFiles_FoundData" : {
      "annotation" : null,
      "extensionType" : null,
      "message" : "Esto es lo que encontré",
      "trackingId" : "88360FEA-F7E1-45C3-962F-861960F00728"
    },
    "uploadFiles_NameField" : {
      "annotation" : null,
      "extensionType" : null,
      "message" : "Nombre",
      "trackingId" : "81A9D25D-C1AE-4CAA-85DE-D5DF5BFDEE0D"
    },
    "uploadFiles_UploadingFiles" : {
      "annotation" : null,
      "extensionType" : null,
      "message" : "Cargando archivos en el servidor",
      "trackingId" : "E0112595-846C-4C8B-A1A8-6F1F52916063"
    }
  },
  "languageTag" : "es"
}