{
  "botPrompts" : [ {
    "text" : "Please enter CancelListener",
    "type" : "DEFAULT"
  } ],
  "enumValues" : [ {
    "type" : "StaticEntityValue",
    "canonicalName" : "cancel",
    "extensionType" : null,
    "nativeLanguageTag" : "en",
    "primaryLanguageCanonicalName" : "cancel",
    "scopeValue" : null,
    "synonyms" : [ "stop", "out of here", "out" ],
    "trackingId" : "C303476B-FEB3-4713-B515-EB7A3E0E8B51"
  }, {
    "type" : "StaticEntityValue",
    "canonicalName" : "exit",
    "extensionType" : null,
    "nativeLanguageTag" : "en",
    "primaryLanguageCanonicalName" : "exit",
    "scopeValue" : null,
    "synonyms" : [ "quit", "bye" ],
    "trackingId" : "9A2A81A7-0C60-4397-A942-625A3E3CE156"
  }, {
    "type" : "StaticEntityValue",
    "canonicalName" : "cancelar",
    "extensionType" : null,
    "nativeLanguageTag" : "es",
    "primaryLanguageCanonicalName" : "cancel",
    "scopeValue" : null,
    "synonyms" : [ "detener", "espera", "anular", "revocar", "suspender", "abortar", "rescindir", "suprimir", "eliminar", "rechazar", "derogar", "invalidar" ],
    "trackingId" : "2C7A1D04-7261-4097-835A-8D2154A4AEC6"
  }, {
    "type" : "StaticEntityValue",
    "canonicalName" : "salir",
    "extensionType" : null,
    "nativeLanguageTag" : "es",
    "primaryLanguageCanonicalName" : "exit",
    "scopeValue" : null,
    "synonyms" : [ "adiós", "ya no", "mejor no", "hasta aquí", "salte", "atrás", "regresa", "menú", "fin", "finalizar", "terminar" ],
    "trackingId" : "4FE0BA98-C024-441A-9D84-BE0A7D1F08AD"
  } ],
  "fuzzyMatch" : false,
  "multiValue" : false,
  "name" : "CancelMetadataEntity",
  "promptForDisambiguation" : true,
  "trackingId" : "245766D0-F752-45E6-BB38-B4944051D0B0",
  "type" : "ENUMVALUES",
  "validationRules" : [ ]
}