{
  "botPrompts" : [ ],
  "compositeBagItems" : [ {
    "sequenceNr" : 1,
    "name" : "ORDER_URGENCY",
    "fullName" : "ORDER_URGENCY",
    "type" : "ENTITY",
    "entityName" : "vleOrderUrgency",
    "entityUsage" : {
      "type" : "NamedEntity",
      "name" : "vleOrderUrgency",
      "multiValue" : false,
      "fuzzyMatch" : false,
      "promptForDisambiguation" : true
    },
    "maxPrompts" : 3,
    "errorMessage" : "Sorry, you are supposed to enter any of the values above.",
    "multiValue" : false,
    "multiLingual" : false,
    "fuzzyMatch" : false,
    "outOfOrderExtraction" : "ALWAYS",
    "promptForDisambiguation" : true,
    "prompts" : [ {
      "sequenceNr" : 1,
      "text" : "${rb.orders_urgencyQuestion}",
      "type" : "DEFAULT"
    } ],
    "defaultEndDateToStartDate" : false,
    "strictBoundary" : false,
    "trackingId" : "02CBF1CA-CD5E-4A5A-9B94-003E5FBEE22C",
    "children" : null
  }, {
    "sequenceNr" : 2,
    "name" : "AMOUNT_ITEMS",
    "fullName" : "AMOUNT_ITEMS",
    "type" : "ENTITY",
    "entityName" : "NUMBER",
    "entityUsage" : {
      "type" : "NamedEntity",
      "name" : "NUMBER",
      "multiValue" : false,
      "fuzzyMatch" : false,
      "promptForDisambiguation" : true
    },
    "maxPrompts" : 3,
    "errorMessage" : "Sorry, you are supposed to enter just a number.",
    "multiValue" : false,
    "multiLingual" : false,
    "fuzzyMatch" : false,
    "outOfOrderExtraction" : "ALWAYS",
    "promptForDisambiguation" : true,
    "prompts" : [ {
      "sequenceNr" : 1,
      "text" : "${rb.orders_QuantityQuestion}",
      "type" : "DEFAULT"
    } ],
    "defaultEndDateToStartDate" : false,
    "customSettings" : {
      "number" : {
        "version" : "1.0",
        "userLocaleEnabled" : true
      }
    },
    "strictBoundary" : false,
    "trackingId" : "D44A67E1-817E-4F40-B856-27DAD7E5BC30",
    "children" : null
  }, {
    "sequenceNr" : 3,
    "name" : "CancelMetadataEntity",
    "fullName" : "CancelMetadataEntity",
    "type" : "ENTITY",
    "entityName" : "CancelMetadataEntity",
    "entityUsage" : {
      "type" : "NamedEntity",
      "name" : "CancelMetadataEntity",
      "multiValue" : false,
      "fuzzyMatch" : false,
      "promptForDisambiguation" : true
    },
    "multiValue" : false,
    "multiLingual" : false,
    "fuzzyMatch" : false,
    "outOfOrderExtraction" : "ALWAYS",
    "promptForDisambiguation" : true,
    "promptForValue" : "false",
    "prompts" : [ {
      "text" : "Please enter CancelListener",
      "type" : "DEFAULT"
    } ],
    "defaultEndDateToStartDate" : false,
    "strictBoundary" : false,
    "trackingId" : "CB3247A5-A706-43BD-9273-A5D5DAB55D9A",
    "children" : null
  } ],
  "fuzzyMatch" : false,
  "multiValue" : false,
  "name" : "cbe_CreateOrder",
  "promptForDisambiguation" : true,
  "trackingId" : "EB69E713-2303-420A-9BBB-0DCEE6789157",
  "type" : "COMPOSITEBAG",
  "validationRules" : [ ]
}