{
  "botPrompts" : [ ],
  "compositeBagItems" : [ {
    "sequenceNr" : 1,
    "name" : "File",
    "fullName" : "File",
    "type" : "ATTACHMENT",
    "multiValue" : false,
    "multiLingual" : false,
    "fuzzyMatch" : false,
    "outOfOrderExtraction" : "ALWAYS",
    "promptForDisambiguation" : true,
    "prompts" : [ {
      "sequenceNr" : 1,
      "text" : "Please, upload your file",
      "type" : "DEFAULT"
    } ],
    "defaultEndDateToStartDate" : false,
    "strictBoundary" : false,
    "trackingId" : "FFB2F688-AB4F-4904-8D50-B8087D2BA8C2",
    "children" : null
  } ],
  "eventHandler" : "orders:oracle.orders.fileUpload",
  "fuzzyMatch" : false,
  "multiValue" : false,
  "name" : "cbe_documentData",
  "promptForDisambiguation" : true,
  "trackingId" : "1E0B6D62-0637-4A8A-82C2-120EE7CC2E35",
  "type" : "COMPOSITEBAG",
  "validationRules" : [ ]
}