{
  "botPrompts" : [ {
    "text" : "${rb.filesUpload_ModifyingField}",
    "type" : "DEFAULT"
  } ],
  "enumValues" : [ {
    "type" : "StaticEntityValue",
    "canonicalName" : "Name",
    "extensionType" : null,
    "nativeLanguageTag" : "en",
    "primaryLanguageCanonicalName" : "Name",
    "scopeValue" : null,
    "synonyms" : null,
    "trackingId" : "B859835A-05B5-44DA-802E-3A790FB2E4BC"
  }, {
    "type" : "StaticEntityValue",
    "canonicalName" : "CURP",
    "extensionType" : null,
    "nativeLanguageTag" : "en",
    "primaryLanguageCanonicalName" : "CURP",
    "scopeValue" : null,
    "synonyms" : null,
    "trackingId" : "8FF45BBA-5274-471D-963F-439C06BB55F7"
  }, {
    "type" : "StaticEntityValue",
    "canonicalName" : "RFC",
    "extensionType" : null,
    "nativeLanguageTag" : "en",
    "primaryLanguageCanonicalName" : "RFC",
    "scopeValue" : null,
    "synonyms" : null,
    "trackingId" : "60E934A0-8576-4BA0-A09D-2B19B2B056A1"
  }, {
    "type" : "StaticEntityValue",
    "canonicalName" : "Surname",
    "extensionType" : null,
    "nativeLanguageTag" : "en",
    "primaryLanguageCanonicalName" : "Surname",
    "scopeValue" : null,
    "synonyms" : null,
    "trackingId" : "B727190D-7C9C-4CA9-9157-FA62AF0E4026"
  }, {
    "type" : "StaticEntityValue",
    "canonicalName" : "Nombre",
    "extensionType" : null,
    "nativeLanguageTag" : "es",
    "primaryLanguageCanonicalName" : "Name",
    "scopeValue" : null,
    "synonyms" : null,
    "trackingId" : "5A8649EE-CBD7-4725-9BC8-2E57664CD5E4"
  }, {
    "type" : "StaticEntityValue",
    "canonicalName" : "Apellidos",
    "extensionType" : null,
    "nativeLanguageTag" : "es",
    "primaryLanguageCanonicalName" : "Surname",
    "scopeValue" : null,
    "synonyms" : null,
    "trackingId" : "61B3BDEC-649B-46A2-8F32-9A53A282E247"
  }, {
    "type" : "StaticEntityValue",
    "canonicalName" : "CURP",
    "extensionType" : null,
    "nativeLanguageTag" : "es",
    "primaryLanguageCanonicalName" : "CURP",
    "scopeValue" : null,
    "synonyms" : null,
    "trackingId" : "0D2AA068-3C06-4522-81EF-7CA89807C4D3"
  }, {
    "type" : "StaticEntityValue",
    "canonicalName" : "RFC",
    "extensionType" : null,
    "nativeLanguageTag" : "es",
    "primaryLanguageCanonicalName" : "RFC",
    "scopeValue" : null,
    "synonyms" : null,
    "trackingId" : "2A497F52-9D43-4569-95CD-6373E07794EB"
  } ],
  "fuzzyMatch" : false,
  "multiValue" : false,
  "name" : "FIELDS_DOCUMENT",
  "promptForDisambiguation" : true,
  "trackingId" : "2078769F-16E3-4498-B53E-BC77E9275021",
  "type" : "ENUMVALUES",
  "validationRules" : [ ]
}