{
  "botPrompts" : [ {
    "text" : "${rb.general_MainMenu}",
    "type" : "DEFAULT"
  } ],
  "enumValues" : [ {
    "type" : "StaticEntityValue",
    "canonicalName" : "Create an order",
    "extensionType" : null,
    "nativeLanguageTag" : "en",
    "primaryLanguageCanonicalName" : "Create an order",
    "scopeValue" : null,
    "synonyms" : null,
    "trackingId" : "7EB35484-75E9-451A-8270-AAB65C58A7F2"
  }, {
    "type" : "StaticEntityValue",
    "canonicalName" : "Consult my orders",
    "extensionType" : null,
    "nativeLanguageTag" : "en",
    "primaryLanguageCanonicalName" : "Consult my orders",
    "scopeValue" : null,
    "synonyms" : null,
    "trackingId" : "A304B672-FE01-4763-8F67-A41280A8F537"
  }, {
    "type" : "StaticEntityValue",
    "canonicalName" : "Consult my credit status",
    "extensionType" : null,
    "nativeLanguageTag" : "en",
    "primaryLanguageCanonicalName" : "Consult my credit status",
    "scopeValue" : null,
    "synonyms" : null,
    "trackingId" : "19780875-C12A-43D8-BA9E-6168EB412540"
  }, {
    "type" : "StaticEntityValue",
    "canonicalName" : "Increase my credit status",
    "extensionType" : null,
    "nativeLanguageTag" : "en",
    "primaryLanguageCanonicalName" : "Increase my credit status",
    "scopeValue" : null,
    "synonyms" : null,
    "trackingId" : "705B802A-19DF-46B9-93C8-2A0613401F2C"
  }, {
    "type" : "StaticEntityValue",
    "canonicalName" : "Crear una orden",
    "extensionType" : null,
    "nativeLanguageTag" : "es",
    "primaryLanguageCanonicalName" : "Create an order",
    "scopeValue" : null,
    "synonyms" : [ "nueva orden", "nueva", "comprar", "compra", "orden", "levantar", "pedir", "nuevo pedido", "comprar algo", "nueva compra", "levantar orden" ],
    "trackingId" : "8AC74267-841C-402A-AE4C-613DB8A5D1D2"
  }, {
    "type" : "StaticEntityValue",
    "canonicalName" : "Consultar mis órdenes",
    "extensionType" : null,
    "nativeLanguageTag" : "es",
    "primaryLanguageCanonicalName" : "Consult my orders",
    "scopeValue" : null,
    "synonyms" : [ "consultar ordenes", "consultar órdenes", "revisar mis órdenes", "revisar historial de órdenes", "revisar historial", "consultar historial", "compras anteriores", "compras actuales", "compras en curso", "ordenes pendientes", "ordenes en curso", "compras en espera", "ordenes en espera", "pedidos anteriores", "pedidos actuales", "pedidos pendientes", "pedidos en espera", "pedidos en curso", "anteriores", "previos", "previas" ],
    "trackingId" : "A6832ABA-58B2-438D-B64A-D1679789B962"
  }, {
    "type" : "StaticEntityValue",
    "canonicalName" : "Consultar mi estado crediticio",
    "extensionType" : null,
    "nativeLanguageTag" : "es",
    "primaryLanguageCanonicalName" : "Consult my credit status",
    "scopeValue" : null,
    "synonyms" : [ "estado de crédito", "estado crediticio", "credit status", "estado" ],
    "trackingId" : "BD4B5B1F-D5A4-428C-9075-E6DB0F1B9AF7"
  }, {
    "type" : "StaticEntityValue",
    "canonicalName" : "Incrementar línea de crédito",
    "extensionType" : null,
    "nativeLanguageTag" : "es",
    "primaryLanguageCanonicalName" : "Increase my credit status",
    "scopeValue" : null,
    "synonyms" : [ "aumentar línea", "incrementar línea", "aumentar", "incrementar", "incremento", "aumento", "aumento de crédito", "aumento crediticio", "incremento crediticio", "incremento de crédito", "aumento de credito", "incremento de credito" ],
    "trackingId" : "290115D4-70EF-41BD-8D1F-ED05B4190185"
  }, {
    "type" : "StaticEntityValue",
    "canonicalName" : "Exit chat",
    "extensionType" : null,
    "nativeLanguageTag" : "en",
    "primaryLanguageCanonicalName" : "Exit chat",
    "scopeValue" : null,
    "synonyms" : null,
    "trackingId" : "11212A4B-E957-480E-A204-A01822CF1A41"
  }, {
    "type" : "StaticEntityValue",
    "canonicalName" : "Salir del chat",
    "extensionType" : null,
    "nativeLanguageTag" : "es",
    "primaryLanguageCanonicalName" : "Exit chat",
    "scopeValue" : null,
    "synonyms" : [ "salir", "abandonar", "finalizar", "adiós", "terminar" ],
    "trackingId" : "EAA2ECDD-240F-4A6B-B6A7-6C526F690E92"
  }, {
    "type" : "StaticEntityValue",
    "canonicalName" : "Create orders history report",
    "extensionType" : null,
    "nativeLanguageTag" : "en",
    "primaryLanguageCanonicalName" : "Create orders history report",
    "scopeValue" : null,
    "synonyms" : null,
    "trackingId" : "C95998BC-E95A-471C-9198-ECAD07108788"
  }, {
    "type" : "StaticEntityValue",
    "canonicalName" : "Crear reporte de historial de órdenes",
    "extensionType" : null,
    "nativeLanguageTag" : "es",
    "primaryLanguageCanonicalName" : "Create orders history report",
    "scopeValue" : null,
    "synonyms" : [ "reporte", "resumen", "comportamiento", "análisis", "estadístico" ],
    "trackingId" : "1BA91727-001A-4A42-B3B4-CD0A9328266E"
  } ],
  "fuzzyMatch" : false,
  "multiValue" : false,
  "name" : "MAIN_MENU",
  "promptForDisambiguation" : true,
  "trackingId" : "87658BDF-DA0A-423B-9141-017D28D4C0A0",
  "type" : "ENUMVALUES",
  "validationRules" : [ ]
}