{
  "botPrompts" : [ {
    "text" : "${rb.orders_requestOrderDetailsDescription}",
    "type" : "DEFAULT"
  } ],
  "enumValues" : [ {
    "type" : "StaticEntityValue",
    "canonicalName" : "NUMBER",
    "extensionType" : null,
    "scopeValue" : null,
    "synonyms" : null,
    "trackingId" : "87F9A918-5F94-43BA-9800-1109E47BDE21"
  }, {
    "type" : "StaticEntityValue",
    "canonicalName" : "vleOrderUrgency",
    "extensionType" : null,
    "scopeValue" : null,
    "synonyms" : null,
    "trackingId" : "023A32A2-68B5-4EDB-94B0-9A81DE48EE93"
  } ],
  "fuzzyMatch" : false,
  "multiValue" : true,
  "name" : "orderDetails",
  "promptForDisambiguation" : true,
  "trackingId" : "DF276588-24E5-4522-8DF2-48C10A0629C8",
  "type" : "ENUMENTITIES",
  "validationRules" : [ ]
}