{
  "botPrompts" : [ {
    "text" : "${rb.orders_TryAgainQuestion}",
    "type" : "DEFAULT"
  } ],
  "enumValues" : [ {
    "type" : "StaticEntityValue",
    "canonicalName" : "Yes",
    "extensionType" : null,
    "nativeLanguageTag" : "en",
    "primaryLanguageCanonicalName" : "Yes",
    "scopeValue" : null,
    "synonyms" : null,
    "trackingId" : "D13CE2A5-2AC7-497E-8E38-E5FE87330C8D"
  }, {
    "type" : "StaticEntityValue",
    "canonicalName" : "No",
    "extensionType" : null,
    "nativeLanguageTag" : "en",
    "primaryLanguageCanonicalName" : "No",
    "scopeValue" : null,
    "synonyms" : null,
    "trackingId" : "D34BE6AF-5A23-4692-8DE0-1E4C57A1BD6B"
  }, {
    "type" : "StaticEntityValue",
    "canonicalName" : "Sí",
    "extensionType" : null,
    "nativeLanguageTag" : "es",
    "primaryLanguageCanonicalName" : "Yes",
    "scopeValue" : null,
    "synonyms" : null,
    "trackingId" : "3943E426-9982-467E-A8C6-2E3EFB79856E"
  }, {
    "type" : "StaticEntityValue",
    "canonicalName" : "No",
    "extensionType" : null,
    "nativeLanguageTag" : "es",
    "primaryLanguageCanonicalName" : "No",
    "scopeValue" : null,
    "synonyms" : null,
    "trackingId" : "AD0A9298-170F-4E72-AFC7-598255BB56FC"
  } ],
  "fuzzyMatch" : false,
  "multiLingual" : true,
  "multiValue" : false,
  "name" : "TRY_AGAIN",
  "promptForDisambiguation" : true,
  "trackingId" : "9B14F9E9-9104-4E62-846A-4983A4BAE0E4",
  "type" : "ENUMVALUES",
  "validationRules" : [ ]
}