{
  "botPrompts" : [ {
    "text" : "${rb.orders_RequestGETFilter}",
    "type" : "DEFAULT"
  } ],
  "enumValues" : [ {
    "type" : "StaticEntityValue",
    "canonicalName" : "Pending",
    "extensionType" : null,
    "nativeLanguageTag" : "en",
    "primaryLanguageCanonicalName" : "Pending",
    "scopeValue" : null,
    "synonyms" : [ "unresolved", "undecided", "outstanding", "unfinished", "incomplete", "awaited", "not yet finalized", "hanging" ],
    "trackingId" : "DBD917FB-7432-460D-A9B8-314C28ECEC02"
  }, {
    "type" : "StaticEntityValue",
    "canonicalName" : "Completed",
    "extensionType" : null,
    "nativeLanguageTag" : "en",
    "primaryLanguageCanonicalName" : "Completed",
    "scopeValue" : null,
    "synonyms" : [ "finished", "passed", "ended", "done", "accomplished", "terminated", "closed", "wrapped up", "finalized" ],
    "trackingId" : "E03010A8-42C3-49D8-8B53-DEE1D47206CB"
  }, {
    "type" : "StaticEntityValue",
    "canonicalName" : "All",
    "extensionType" : null,
    "nativeLanguageTag" : "en",
    "primaryLanguageCanonicalName" : "All",
    "scopeValue" : null,
    "synonyms" : [ "everything", "every", "entire" ],
    "trackingId" : "BFCFAA40-6F51-46C9-8443-4CD5BC916E6C"
  }, {
    "type" : "StaticEntityValue",
    "canonicalName" : "Todas",
    "extensionType" : null,
    "nativeLanguageTag" : "es",
    "primaryLanguageCanonicalName" : "All",
    "scopeValue" : null,
    "synonyms" : [ "todo", "global", "all" ],
    "trackingId" : "38A51AB1-5F4C-400F-9DC0-91B510D580BC"
  }, {
    "type" : "StaticEntityValue",
    "canonicalName" : "Completadas",
    "extensionType" : null,
    "nativeLanguageTag" : "es",
    "primaryLanguageCanonicalName" : "Completed",
    "scopeValue" : null,
    "synonyms" : [ "pasadas", "terminadas", "completas", "finalizadas", "previas", "anteriores" ],
    "trackingId" : "0FA50BA9-E4A2-4D35-81A7-7C0F0C2D656A"
  }, {
    "type" : "StaticEntityValue",
    "canonicalName" : "Pendientes",
    "extensionType" : null,
    "nativeLanguageTag" : "es",
    "primaryLanguageCanonicalName" : "Pending",
    "scopeValue" : null,
    "synonyms" : [ "en curso", "activas", "en proceso", "pending", "por llegar", "en camino", "próximas", "en espera" ],
    "trackingId" : "DB6CB7AB-89E0-4D1B-90D0-9BC029C77975"
  } ],
  "fuzzyMatch" : false,
  "multiValue" : false,
  "name" : "vleFilterOrders",
  "promptForDisambiguation" : true,
  "trackingId" : "8CFADA04-069D-4CA6-A454-8EE873691A1E",
  "type" : "ENUMVALUES",
  "validationRules" : [ ]
}