{
  "botPrompts" : [ {
    "text" : "${rb.orders_urgencyQuestion}",
    "type" : "DEFAULT"
  } ],
  "enumValues" : [ {
    "type" : "StaticEntityValue",
    "canonicalName" : "High",
    "extensionType" : null,
    "nativeLanguageTag" : "en",
    "primaryLanguageCanonicalName" : "High",
    "scopeValue" : null,
    "synonyms" : null,
    "trackingId" : "C987A5B5-436C-4875-9D6E-F9508A3DECDF"
  }, {
    "type" : "StaticEntityValue",
    "canonicalName" : "Medium",
    "extensionType" : null,
    "nativeLanguageTag" : "en",
    "primaryLanguageCanonicalName" : "Medium",
    "scopeValue" : null,
    "synonyms" : null,
    "trackingId" : "0E2E4E09-1BAC-4FE2-87B6-D800391D1A9D"
  }, {
    "type" : "StaticEntityValue",
    "canonicalName" : "Low",
    "extensionType" : null,
    "nativeLanguageTag" : "en",
    "primaryLanguageCanonicalName" : "Low",
    "scopeValue" : null,
    "synonyms" : null,
    "trackingId" : "694B8986-8723-41FF-8F73-61315ABD61C4"
  }, {
    "type" : "StaticEntityValue",
    "canonicalName" : "Alta",
    "extensionType" : null,
    "nativeLanguageTag" : "es",
    "primaryLanguageCanonicalName" : "High",
    "scopeValue" : null,
    "synonyms" : [ "primordial", "crítico", "critico", "vital", "esencial", "muy importante", "importante", "inmediato", "crucial", "imperativo" ],
    "trackingId" : "696569A4-D1BE-4C6E-A30F-963642C57897"
  }, {
    "type" : "StaticEntityValue",
    "canonicalName" : "Media",
    "extensionType" : null,
    "nativeLanguageTag" : "es",
    "primaryLanguageCanonicalName" : "Medium",
    "scopeValue" : null,
    "synonyms" : [ "intermedio", "moderado", "promedio", "más o menos", "mas o menos", "masomenos", "maso menos", "secundario", "neutro", "estándar", "estandar" ],
    "trackingId" : "B9D2D7B2-BC0F-49E7-8579-6CFBDAF57304"
  }, {
    "type" : "StaticEntityValue",
    "canonicalName" : "Baja",
    "extensionType" : null,
    "nativeLanguageTag" : "es",
    "primaryLanguageCanonicalName" : "Low",
    "scopeValue" : null,
    "synonyms" : [ "no tanto", "poco", "bajo", "marginal", "mínimo", "minimo", "poca relevancia", "poca importancia", "no tan importante", "poco importante", "no tan relevante" ],
    "trackingId" : "2973F683-C1BB-4609-80FF-88C935979444"
  } ],
  "fuzzyMatch" : false,
  "multiValue" : false,
  "name" : "vleOrderUrgency",
  "promptForDisambiguation" : true,
  "trackingId" : "75FCF778-8C4A-4D46-AABB-6EB55B5C5BA6",
  "type" : "ENUMVALUES",
  "validationRules" : [ ]
}