{
  "botPrompts" : [ {
    "sequenceNr" : 1,
    "text" : "${rb.orders_OrderValidationQuestion}",
    "type" : "DEFAULT"
  } ],
  "enumValues" : [ {
    "type" : "StaticEntityValue",
    "canonicalName" : "Yes",
    "extensionType" : null,
    "nativeLanguageTag" : "en",
    "primaryLanguageCanonicalName" : "Yes",
    "scopeValue" : null,
    "synonyms" : [ "Affirmative", "Absolutely", "Certainly", "Indeed", "Sure", "Of course", "Okay", "Fine", "Alright", "OK", "Great", "All right", "Perfect", "Very well", "Absolutely sure", "By all means", "Without a doubt", "Go ahead", "I agree", "I accept", "Proceed", "Confirmed", "Approved" ],
    "trackingId" : "B2B9F88E-30C6-48ED-BE72-33BA98F1B4FB"
  }, {
    "type" : "StaticEntityValue",
    "canonicalName" : "No",
    "extensionType" : null,
    "nativeLanguageTag" : "en",
    "primaryLanguageCanonicalName" : "No",
    "scopeValue" : null,
    "synonyms" : [ "Negative", "No way", "Certainly not", "Never", "Nope", "Not at all", "Nix", "Decline", "Refuse", "Deny", "Disagree", "Unfortunately", "Regrettably", "I'm afraid not", "Reject", "Veto", "Disapprove", "Not now", "Not yet", "Not" ],
    "trackingId" : "44C77C0F-27A7-422D-95B5-876ACB2B326E"
  }, {
    "type" : "StaticEntityValue",
    "canonicalName" : "Sí",
    "extensionType" : null,
    "nativeLanguageTag" : "es",
    "primaryLanguageCanonicalName" : "Yes",
    "scopeValue" : null,
    "synonyms" : [ "Claro", "Por supuesto", "De acuerdo", "Acepto", "Está bien", "Bien", "Perfecto", "Adelante", "OK", "Vale", "Entendido", "Sin problema", "Correcto", "Confirmo", "Sí, por favor", "Hazlo", "Continúa", "Procede", "Sí, confirmo", "autorizo", "apruebo", "sí", "simon", "simón", "dale pues", "si porfa", "por fa", "por favor", "porfavor", "si vamos", "si adelante", "sí apruebo" ],
    "trackingId" : "373145B7-834F-4216-86C5-470BFF548CF7"
  }, {
    "type" : "StaticEntityValue",
    "canonicalName" : "No",
    "extensionType" : null,
    "nativeLanguageTag" : "es",
    "primaryLanguageCanonicalName" : "No",
    "scopeValue" : null,
    "synonyms" : [ "No quiero continuar", "No me interesa", "No deseo seguir adelante", "No, gracias", "Prefiero cancelar", "No, por el momento", "No acepto", "No estoy de acuerdo en continuar", "Lo siento, pero no", "No prosigas con la compra", "Me retracto", "Cambié de opinión", "No autorizo la transacción", "No estoy dispuesto/a", "No procedas", "No sigas adelante con el proceso", "No confirmo la compra", "No a la compra", "Rechazo la transacción", "Desisto de la compra", "No voy a seguir adelante", "Me gustaría cancelar", "no" ],
    "trackingId" : "872A8A44-B031-4F6A-B025-530CB7F33F39"
  } ],
  "fuzzyMatch" : false,
  "multiLingual" : true,
  "multiValue" : false,
  "name" : "vleOrderValidation",
  "promptForDisambiguation" : true,
  "trackingId" : "79A8FEA0-032F-4E3E-B7D4-85407EA2CD15",
  "type" : "ENUMVALUES",
  "validationRules" : [ ]
}