{
  "botPrompts" : [ {
    "text" : "${rb.filesUpload_ValidateDocData}",
    "type" : "DEFAULT"
  } ],
  "enumValues" : [ {
    "type" : "StaticEntityValue",
    "canonicalName" : "Yes",
    "extensionType" : null,
    "nativeLanguageTag" : "en",
    "primaryLanguageCanonicalName" : "Yes",
    "scopeValue" : null,
    "synonyms" : [ "Affirmative", "Absolutely", "Certainly", "Indeed", "Sure", "Of course", "Okay", "Fine", "Alright", "OK", "Great", "All right", "Perfect", "Very well", "Absolutely sure", "By all means", "Without a doubt", "Go ahead", "I agree", "I accept", "Proceed", "Confirmed", "Approved" ],
    "trackingId" : "593C7F1B-D955-4CD9-AFCD-634F9E44AC39"
  }, {
    "type" : "StaticEntityValue",
    "canonicalName" : "No",
    "extensionType" : null,
    "nativeLanguageTag" : "en",
    "primaryLanguageCanonicalName" : "No",
    "scopeValue" : null,
    "synonyms" : [ "Certainly not", "Never", "Nope", "Not at all", "Nix", "Decline", "Refuse", "Deny", "Disagree", "Unfortunately", "Regrettably", "I'm afraid not", "Reject", "Veto", "Disapprove", "Not now", "Not yet", "Not" ],
    "trackingId" : "4189D779-BB7E-447B-A7AF-703F59F1244F"
  }, {
    "type" : "StaticEntityValue",
    "canonicalName" : "Sí",
    "extensionType" : null,
    "nativeLanguageTag" : "es",
    "primaryLanguageCanonicalName" : "Yes",
    "scopeValue" : null,
    "synonyms" : [ "Claro", "Por supuesto", "De acuerdo", "Acepto", "Está bien", "Bien", "Perfecto", "Adelante", "OK", "Vale", "Entendido", "Sin problema", "Correcto", "Confirmo", "Sí", "por favor", "Hazlo", "Continúa", "Procede" ],
    "trackingId" : "AF1CFD53-AB4E-4DFE-B83F-3092B08FCDCD"
  }, {
    "type" : "StaticEntityValue",
    "canonicalName" : "No",
    "extensionType" : null,
    "nativeLanguageTag" : "es",
    "primaryLanguageCanonicalName" : "No",
    "scopeValue" : null,
    "synonyms" : [ "No quiero continuar", "No me interesa", "No deseo seguir adelante", "No gracias", "Prefiero cancelar", "No por el momento", "No acepto", "No estoy de acuerdo en continuar", "Lo siento", "pero no", "No prosigas", "Me retracto", "Cambié de opinión", "No autorizo la transacción", "No estoy dispuesto/a", "No procedas", "No sigas adelante con el proceso", "Me gustaría cancelar" ],
    "trackingId" : "9012D767-259E-4BDA-AE22-0C65B74BBC93"
  } ],
  "fuzzyMatch" : false,
  "multiLingual" : true,
  "multiValue" : false,
  "name" : "YESNO_DOCUMENT",
  "promptForDisambiguation" : true,
  "trackingId" : "AE1F2F3E-0975-4BA0-AFCF-FE865642FDAE",
  "type" : "ENUMVALUES",
  "validationRules" : [ ]
}